Age−group (years), symptomatic cases requiring hospitalisation, hospitalised cases requiring critical care,Infection Fatality Ratio
0 to 9,0.001,0.05,2e-05
10 to 19,0.003,0.05,6e-05
20 to 29,0.012,0.05,0.0003
30 to 39,0.032,0.05,0.0008
40 to 49,0.049,0.063,0.0015
50 to 59,0.102,0.122,0.006
60 to 69,0.166,0.27399999999999997,0.022000000000000002
70 to 79,0.243,0.43200000000000005,0.051
80+,0.273,0.7090000000000001,0.09300000000000001
