Age−group (years),Age ratio
0 to 9,0.13093548706262348
10 to 19,0.12894838965009878
20 to 29,0.14144193835636112
30 to 39,0.13001290258747533
40 to 49,0.13053225646868827
50 to 59,0.13001290258747533
60 to 69,0.1040129025874753
70 to 79,0.06753225646868827
80+,0.03607741552485182
